"step","mean_D"
0,1.036839
1000,0.0042306986
2000,0.0025913976
3000,0.003560145
4000,0.0030192798
