"step","mean_nu"
0,-1.2899201
1000,0.009989782
2000,0.010164587
3000,0.010060414
4000,0.009813674
